{
  "format": "T20",
  "date": "2025-07-01",
  "teams": {
    "teamA": "Team A",
    "teamB": "Team B"
  },
  "toss": {
    "winner": "Team A",
    "decision": "Bat"
  },
  "innings": [
    {
      "battingTeam": "Team A",
      "runs": 155,
      "wickets": 8,
      "overs": 20.0,
      "topScorer": {
        "name": "Player 1",
        "runs": 56
      },
      "topBowler": {
        "name": "Bowler X",
        "wickets": 3
      }
    },
    {
      "battingTeam": "Team B",
      "runs": 148,
      "wickets": 10,
      "overs": 19.4,
      "topScorer": {
        "name": "Player 7",
        "runs": 45
      },
      "topBowler": {
        "name": "Bowler A",
        "wickets": 4
      }
    }
  ],
  "winner": "Team A",
  "mvp": "Player 1"
}